{
  "Debug Sampler" : {
    "transaction" : "Debug Sampler",
    "sampleCount" : 3,
    "errorCount" : 0,
    "errorPct" : 0.0,
    "meanResTime" : 1.3333333333333335,
    "medianResTime" : 1.0,
    "minResTime" : 0.0,
    "maxResTime" : 3.0,
    "pct1ResTime" : 3.0,
    "pct2ResTime" : 3.0,
    "pct3ResTime" : 3.0,
    "throughput" : 0.6170300287947347,
    "receivedKBytesPerSec" : 1.9559369858083093,
    "sentKBytesPerSec" : 0.0
  },
  "Check out attribute change" : {
    "transaction" : "Check out attribute change",
    "sampleCount" : 3,
    "errorCount" : 0,
    "errorPct" : 0.0,
    "meanResTime" : 297.0,
    "medianResTime" : 294.0,
    "minResTime" : 284.0,
    "maxResTime" : 313.0,
    "pct1ResTime" : 313.0,
    "pct2ResTime" : 313.0,
    "pct3ResTime" : 313.0,
    "throughput" : 0.5752636625119846,
    "receivedKBytesPerSec" : 1.0134527804410356,
    "sentKBytesPerSec" : 0.4539189837008629
  },
  "Total" : {
    "transaction" : "Total",
    "sampleCount" : 16,
    "errorCount" : 0,
    "errorPct" : 0.0,
    "meanResTime" : 642.7500000000001,
    "medianResTime" : 454.0,
    "minResTime" : 0.0,
    "maxResTime" : 3947.0,
    "pct1ResTime" : 1966.000000000002,
    "pct2ResTime" : 3947.0,
    "pct3ResTime" : 3947.0,
    "throughput" : 1.3590418754777882,
    "receivedKBytesPerSec" : 6.128462636965939,
    "sentKBytesPerSec" : 0.6125808258302896
  },
  "Open site" : {
    "transaction" : "Open site",
    "sampleCount" : 1,
    "errorCount" : 0,
    "errorPct" : 0.0,
    "meanResTime" : 3947.0,
    "medianResTime" : 3947.0,
    "minResTime" : 3947.0,
    "maxResTime" : 3947.0,
    "pct1ResTime" : 3947.0,
    "pct2ResTime" : 3947.0,
    "pct3ResTime" : 3947.0,
    "throughput" : 0.2533569799847986,
    "receivedKBytesPerSec" : 1.7059534931593616,
    "sentKBytesPerSec" : 0.09179242145933621
  },
  "Add product to cart" : {
    "transaction" : "Add product to cart",
    "sampleCount" : 3,
    "errorCount" : 0,
    "errorPct" : 0.0,
    "meanResTime" : 871.0,
    "medianResTime" : 1108.0,
    "minResTime" : 388.0,
    "maxResTime" : 1117.0,
    "pct1ResTime" : 1117.0,
    "pct2ResTime" : 1117.0,
    "pct3ResTime" : 1117.0,
    "throughput" : 0.5653976630229929,
    "receivedKBytesPerSec" : 1.1101818695816057,
    "sentKBytesPerSec" : 0.39036733179419525
  },
  "Open product page" : {
    "transaction" : "Open product page",
    "sampleCount" : 3,
    "errorCount" : 0,
    "errorPct" : 0.0,
    "meanResTime" : 458.6666666666667,
    "medianResTime" : 458.0,
    "minResTime" : 450.0,
    "maxResTime" : 468.0,
    "pct1ResTime" : 468.0,
    "pct2ResTime" : 468.0,
    "pct3ResTime" : 468.0,
    "throughput" : 0.6443298969072165,
    "receivedKBytesPerSec" : 5.461492898947595,
    "sentKBytesPerSec" : 0.26679284793814434
  },
  "Search product" : {
    "transaction" : "Search product",
    "sampleCount" : 3,
    "errorCount" : 0,
    "errorPct" : 0.0,
    "meanResTime" : 484.3333333333333,
    "medianResTime" : 479.0,
    "minResTime" : 470.0,
    "maxResTime" : 504.0,
    "pct1ResTime" : 504.0,
    "pct2ResTime" : 504.0,
    "pct3ResTime" : 504.0,
    "throughput" : 0.5083022704168079,
    "receivedKBytesPerSec" : 3.2705412360216877,
    "sentKBytesPerSec" : 0.19805918544561166
  }
}